{
    "name": "root",
    "gauges": {
        "BallEscape.Policy.Entropy.mean": {
            "value": 1.4375067949295044,
            "min": 1.4375067949295044,
            "max": 1.4375067949295044,
            "count": 1
        },
        "BallEscape.Policy.Entropy.sum": {
            "value": 13953.87890625,
            "min": 13953.87890625,
            "max": 13953.87890625,
            "count": 1
        },
        "BallEscape.Environment.EpisodeLength.mean": {
            "value": 19.392857142857142,
            "min": 19.392857142857142,
            "max": 19.392857142857142,
            "count": 1
        },
        "BallEscape.Environment.EpisodeLength.sum": {
            "value": 9231.0,
            "min": 9231.0,
            "max": 9231.0,
            "count": 1
        },
        "BallEscape.Step.mean": {
            "value": 49992.0,
            "min": 49992.0,
            "max": 49992.0,
            "count": 1
        },
        "BallEscape.Step.sum": {
            "value": 49992.0,
            "min": 49992.0,
            "max": 49992.0,
            "count": 1
        },
        "BallEscape.Policy.ExtrinsicValueEstimate.mean": {
            "value": 1.1054954528808594,
            "min": 1.1054954528808594,
            "max": 1.1054954528808594,
            "count": 1
        },
        "BallEscape.Policy.ExtrinsicValueEstimate.sum": {
            "value": 525.1103515625,
            "min": 525.1103515625,
            "max": 525.1103515625,
            "count": 1
        },
        "BallEscape.Environment.CumulativeReward.mean": {
            "value": 1.2889082481986598,
            "min": 1.2889082481986598,
            "max": 1.2889082481986598,
            "count": 1
        },
        "BallEscape.Environment.CumulativeReward.sum": {
            "value": 612.2314178943634,
            "min": 612.2314178943634,
            "max": 612.2314178943634,
            "count": 1
        },
        "BallEscape.Policy.ExtrinsicReward.mean": {
            "value": 1.2889082481986598,
            "min": 1.2889082481986598,
            "max": 1.2889082481986598,
            "count": 1
        },
        "BallEscape.Policy.ExtrinsicReward.sum": {
            "value": 612.2314178943634,
            "min": 612.2314178943634,
            "max": 612.2314178943634,
            "count": 1
        },
        "BallEscape.Losses.PolicyLoss.mean": {
            "value": 0.07255007639832911,
            "min": 0.07255007639832911,
            "max": 0.07255007639832911,
            "count": 1
        },
        "BallEscape.Losses.PolicyLoss.sum": {
            "value": 0.29020030559331644,
            "min": 0.29020030559331644,
            "max": 0.29020030559331644,
            "count": 1
        },
        "BallEscape.Losses.ValueLoss.mean": {
            "value": 0.005271602470505362,
            "min": 0.005271602470505362,
            "max": 0.005271602470505362,
            "count": 1
        },
        "BallEscape.Losses.ValueLoss.sum": {
            "value": 0.02108640988202145,
            "min": 0.02108640988202145,
            "max": 0.02108640988202145,
            "count": 1
        },
        "BallEscape.Policy.LearningRate.mean": {
            "value": 0.00027272895909034997,
            "min": 0.00027272895909034997,
            "max": 0.00027272895909034997,
            "count": 1
        },
        "BallEscape.Policy.LearningRate.sum": {
            "value": 0.0010909158363613999,
            "min": 0.0010909158363613999,
            "max": 0.0010909158363613999,
            "count": 1
        },
        "BallEscape.Policy.Epsilon.mean": {
            "value": 0.19090965,
            "min": 0.19090965,
            "max": 0.19090965,
            "count": 1
        },
        "BallEscape.Policy.Epsilon.sum": {
            "value": 0.7636386,
            "min": 0.7636386,
            "max": 0.7636386,
            "count": 1
        },
        "BallEscape.Policy.Beta.mean": {
            "value": 0.004546391535,
            "min": 0.004546391535,
            "max": 0.004546391535,
            "count": 1
        },
        "BallEscape.Policy.Beta.sum": {
            "value": 0.01818556614,
            "min": 0.01818556614,
            "max": 0.01818556614,
            "count": 1
        },
        "BallEscape.IsTraining.mean": {
            "value": 1.0,
            "min": 1.0,
            "max": 1.0,
            "count": 1
        },
        "BallEscape.IsTraining.sum": {
            "value": 1.0,
            "min": 1.0,
            "max": 1.0,
            "count": 1
        }
    },
    "metadata": {
        "timer_format_version": "0.1.0",
        "start_time_seconds": "1776209898",
        "python_version": "3.10.12 | packaged by Anaconda, Inc. | (main, Jul  5 2023, 19:01:18) [MSC v.1916 64 bit (AMD64)]",
        "command_line_arguments": "C:\\Users\\hassa\\miniconda3\\envs\\mlagents\\Scripts\\mlagents-learn config/BalanceBreaker.yaml --run-id=BallEscape_v1 --resume",
        "mlagents_version": "1.2.0.dev0",
        "mlagents_envs_version": "1.2.0.dev0",
        "communication_protocol_version": "1.5.0",
        "pytorch_version": "2.2.2+cu121",
        "numpy_version": "1.23.5",
        "end_time_seconds": "1776210070"
    },
    "total": 172.53889680000066,
    "count": 1,
    "self": 0.005141600002389168,
    "children": {
        "run_training.setup": {
            "total": 0.09553539999978966,
            "count": 1,
            "self": 0.09553539999978966
        },
        "TrainerController.start_learning": {
            "total": 172.43821979999848,
            "count": 1,
            "self": 0.2618425000455318,
            "children": {
                "TrainerController._reset_env": {
                    "total": 21.741226500000266,
                    "count": 1,
                    "self": 21.741226500000266
                },
                "TrainerController.advance": {
                    "total": 150.3478596999521,
                    "count": 17052,
                    "self": 0.22336209991408396,
                    "children": {
                        "env_step": {
                            "total": 140.55737520006187,
                            "count": 17052,
                            "self": 56.74902669990661,
                            "children": {
                                "SubprocessEnvManager._take_step": {
                                    "total": 83.64707130002716,
                                    "count": 17052,
                                    "self": 0.6822841002031055,
                                    "children": {
                                        "TorchPolicy.evaluate": {
                                            "total": 82.96478719982406,
                                            "count": 16400,
                                            "self": 82.96478719982406
                                        }
                                    }
                                },
                                "workers": {
                                    "total": 0.16127720012809732,
                                    "count": 17051,
                                    "self": 0.0,
                                    "children": {
                                        "worker_root": {
                                            "total": 151.32808209988616,
                                            "count": 17051,
                                            "is_parallel": true,
                                            "self": 106.28967399975227,
                                            "children": {
                                                "steps_from_proto": {
                                                    "total": 0.00031490000037592836,
                                                    "count": 1,
                                                    "is_parallel": true,